type,casepath,
multiple-aaa,Data_NoLevel/accumulo/1_AccumuloConfigurationTest.testGetByPrefix.csv,
multiple-aaa,Data_NoLevel/accumulo/7_NamespacesIT.loadClass.csv,
multiple-aaa,Data_NoLevel/accumulo/14_ConditionalWriterIT.testFields.csv,
multiple-aaa,Data_NoLevel/accumulo/24_AccumuloMultiTableInputFormatTest.testInputTableConfigSerialization.csv,
multiple-aaa,Data_NoLevel/accumulo/31_BaseRelativeTimeTest.testFutureTime.csv,
multiple-aaa,Data_NoLevel/accumulo/31_BaseRelativeTimeTest.testFutureTime.csv,
multiple-aaa,Data_NoLevel/accumulo/32_MutationTest.testMultipleReadFieldsCalls.csv,
multiple-aaa,Data_NoLevel/accumulo/36_MiniAccumuloConfigImplTest.testZookeeperPort.csv,
multiple-aaa,Data_NoLevel/accumulo/48_StatusCombinerTest.commutativeWithMultipleUpdates.csv,
multiple-aaa,Data_NoLevel/accumulo/49_AgeOffStoreTest.testNonEmpty.csv,
multiple-aaa,Data_NoLevel/accumulo/54_BaseRelativeTimeTest.testPastTime.csv,
multiple-aaa,Data_NoLevel/accumulo/55_SummaryIT.compactionTest.csv